model,test_byte_offset,mean_nll,accuracy,wrong_bytes
softmax,0,2.3601671627839096,0.3125,44
softmax,64,2.1632104681339115,0.390625,39
softmax,128,1.9030543982516974,0.375,40
softmax,192,2.2898152065317845,0.421875,37
softmax,256,2.3205316909588873,0.265625,47
softmax,320,2.0757040134631097,0.40625,38
softmax,384,2.1229296466335654,0.421875,37
softmax,448,2.422853319440037,0.296875,45
softmax,512,2.346761192427948,0.328125,43
softmax,576,2.1310058729723096,0.28125,46
softmax,640,2.2617401049938053,0.390625,39
softmax,704,2.167244381736964,0.3125,44
softmax,768,2.0227174188476056,0.359375,41
softmax,832,2.257413872895995,0.28125,46
softmax,896,2.463505861524027,0.34375,42
softmax,960,2.3864052009303123,0.296875,45
softmax,1024,1.9572303998284042,0.40625,38
softmax,1088,2.423320799600333,0.34375,42
softmax,1152,2.4986512218602,0.28125,46
softmax,1216,1.9393888994236477,0.484375,33
softmax,1280,2.261461935879197,0.359375,41
softmax,1344,2.0027383527194615,0.375,40
softmax,1408,2.1300126268761232,0.328125,43
softmax,1472,2.306449646828696,0.296875,45
softmax,1536,2.205696702701971,0.328125,43
softmax,1600,1.9036378965247422,0.4375,36
softmax,1664,2.208200019551441,0.390625,39
softmax,1728,2.232598580652848,0.28125,46
softmax,1792,2.216083945473656,0.375,40
softmax,1856,2.1041994185652584,0.375,40
softmax,1920,2.1730863254051656,0.34375,42
softmax,1984,2.473131671344163,0.25,48
softmax,2048,2.3123692906519864,0.28125,46
softmax,2112,2.203175031230785,0.421875,37
softmax,2176,2.141677040606737,0.421875,37
softmax,2240,2.0636012936010957,0.390625,39
softmax,2304,2.4313757370691746,0.328125,43
softmax,2368,2.2629462806507945,0.34375,42
softmax,2432,2.4278366491926135,0.3125,44
softmax,2496,1.9009154478699202,0.421875,37
softmax,2560,2.388004410706344,0.234375,49
softmax,2624,2.1342052444670117,0.390625,39
softmax,2688,2.2759032098110765,0.28125,46
softmax,2752,2.165359768550843,0.328125,43
softmax,2816,2.1702548447065055,0.296875,45
softmax,2880,2.307340038474649,0.375,40
softmax,2944,2.1337561267864658,0.40625,38
softmax,3008,2.036879722523736,0.375,40
softmax,3072,2.584646963980049,0.328125,43
softmax,3136,2.1636129973921925,0.359375,41
softmax,3200,3.8825465065601747,0.125,56
softmax,3264,2.484954143073992,0.359375,41
softmax,3328,2.3100914934184402,0.3125,44
softmax,3392,2.8722012076177634,0.265625,47
softmax,3456,2.2411326540168375,0.34375,42
softmax,3520,2.187614480499178,0.328125,43
softmax,3584,2.1790615180507302,0.390625,39
softmax,3648,2.239215780282393,0.375,40
softmax,3712,2.459333575796336,0.265625,47
softmax,3776,2.9055402335943654,0.328125,43
softmax,3840,2.0344989474397153,0.328125,43
softmax,3904,2.2190693786833435,0.375,40
softmax,3968,2.4285911237820983,0.234375,49
softmax,4032,2.0960008074180223,0.375,40
softmax,4096,2.397522962477524,0.328125,43
softmax,4160,2.1374660090805264,0.40625,38
softmax,4224,2.3359915668406757,0.296875,45
softmax,4288,2.1854523874353617,0.390625,39
softmax,4352,2.2613447667099535,0.234375,49
softmax,4416,2.470067055342952,0.28125,46
softmax,4480,2.186805570498109,0.34375,42
softmax,4544,2.1200755070894957,0.484375,33
softmax,4608,2.2344541987404227,0.34375,42
softmax,4672,1.748562878012308,0.5,32
softmax,4736,2.0250770779675804,0.375,40
softmax,4800,2.1750460327602923,0.375,40
softmax,4864,2.3313173461938277,0.296875,45
softmax,4928,2.19095838238718,0.34375,42
softmax,4992,2.106075537740253,0.359375,41
softmax,5056,2.413804619340226,0.265625,47
softmax,5120,2.523155756673077,0.34375,42
softmax,5184,2.040529056917876,0.421875,37
softmax,5248,2.1188144145999104,0.375,40
softmax,5312,2.1459639269451145,0.28125,46
softmax,5376,2.1109097783919424,0.359375,41
softmax,5440,2.3532193871214986,0.34375,42
softmax,5504,2.0890498743392527,0.421875,37
softmax,5568,2.3523908390197903,0.328125,43
softmax,5632,2.261505543719977,0.34375,42
softmax,5696,2.1070940101053566,0.390625,39
softmax,5760,2.2950871866196394,0.34375,42
softmax,5824,2.428132558474317,0.28125,46
softmax,5888,2.3020644788630307,0.265625,47
softmax,5952,2.2898751199245453,0.34375,42
softmax,6016,2.072037566002109,0.390625,39
softmax,6080,2.1812711702659726,0.3125,44
softmax,6144,2.207850848630187,0.375,40
softmax,6208,2.2050987055990845,0.328125,43
softmax,6272,2.309734232723713,0.3125,44
softmax,6336,2.173965973779559,0.390625,39
softmax,6400,2.461049795616418,0.375,40
softmax,6464,2.1283251435961574,0.3125,44
softmax,6528,1.9900398154277354,0.46875,34
softmax,6592,2.09623612719588,0.390625,39
softmax,6656,2.062680232571438,0.390625,39
softmax,6720,1.8825406830292195,0.4375,36
softmax,6784,2.0996100465854397,0.34375,42
softmax,6848,2.327770213247277,0.28125,46
softmax,6912,2.3075066248420626,0.21875,50
softmax,6976,2.2881116895005107,0.375,40
softmax,7040,2.5726531157270074,0.296875,45
softmax,7104,2.147744921501726,0.390625,39
softmax,7168,2.287449159193784,0.296875,45
softmax,7232,2.339479475747794,0.296875,45
softmax,7296,2.359100994654,0.34375,42
softmax,7360,2.258804908255115,0.359375,41
softmax,7424,2.2713498757220805,0.34375,42
softmax,7488,2.3265550708165392,0.25,48
softmax,7552,2.251016639638692,0.40625,38
softmax,7616,3.4980030964070465,0.203125,51
softmax,7680,2.46683088503778,0.328125,43
softmax,7744,2.3395672247279435,0.296875,45
softmax,7808,2.888689365936443,0.25,48
softmax,7872,3.163998990668915,0.296875,45
softmax,7936,1.9051133160683094,0.4375,36
softmax,8000,1.7017605527798878,0.46875,34
softmax,8064,1.9602506714873016,0.5,32
softmax,8128,2.162864707177505,0.40625,38
softmax,8192,2.4022422544658184,0.265625,47
softmax,8256,2.201578148349654,0.375,40
softmax,8320,2.412564934231341,0.25,48
softmax,8384,1.930306972382823,0.453125,35
softmax,8448,2.2224240340292454,0.296875,45
softmax,8512,2.475233770092018,0.3125,44
softmax,8576,2.1093688774853945,0.34375,42
softmax,8640,2.1324365569162183,0.421875,37
softmax,8704,2.0346701319213025,0.390625,39
softmax,8768,2.2386952824890614,0.3125,44
softmax,8832,2.1960537068080157,0.375,40
softmax,8896,2.015078782773344,0.4375,36
softmax,8960,2.248844696674496,0.3125,44
softmax,9024,1.9939101361087523,0.421875,37
softmax,9088,2.2009491585195065,0.28125,46
softmax,9152,2.091197949834168,0.34375,42
softmax,9216,2.2217109131161124,0.296875,45
softmax,9280,2.0053280778665794,0.359375,41
softmax,9344,2.5223619319149293,0.296875,45
softmax,9408,2.7066895000170916,0.3125,44
softmax,9472,2.362952901283279,0.296875,45
softmax,9536,2.3121594805270433,0.296875,45
softmax,9600,2.3003204967826605,0.28125,46
softmax,9664,2.181404830524116,0.296875,45
softmax,9728,2.1134367745835334,0.453125,35
softmax,9792,2.27295333656366,0.390625,39
softmax,9856,2.3229074142873287,0.328125,43
softmax,9920,2.063057550927624,0.375,40
softmax,9984,2.095711995847523,0.375,40
softmax,10048,2.235021490836516,0.359375,41
softmax,10112,2.1894642754923552,0.390625,39
softmax,10176,2.176763895433396,0.359375,41
softmax,10240,1.924197693791939,0.4375,36
softmax,10304,2.307992889545858,0.359375,41
softmax,10368,2.4490503454580903,0.21875,50
softmax,10432,2.0881920363754034,0.328125,43
softmax,10496,2.2474397900514305,0.265625,47
softmax,10560,2.335485071176663,0.28125,46
softmax,10624,2.3636017674580216,0.359375,41
softmax,10688,1.9507890174281783,0.4375,36
softmax,10752,2.617554055323126,0.203125,51
softmax,10816,2.210856856778264,0.34375,42
softmax,10880,2.3661446063779294,0.328125,43
softmax,10944,2.1402152853406733,0.3125,44
softmax,11008,1.6661327758047264,0.46875,34
softmax,11072,1.8886576037475606,0.40625,38
softmax,11136,2.274880693483283,0.3125,44
softmax,11200,2.4182699990924448,0.3125,44
softmax,11264,2.3058131714351475,0.265625,47
softmax,11328,2.517889585957164,0.203125,51
softmax,11392,2.363197682905593,0.296875,45
softmax,11456,2.4108550260716584,0.3125,44
softmax,11520,2.3787005126068834,0.40625,38
softmax,11584,1.991319807144464,0.421875,37
softmax,11648,1.9799214352387935,0.453125,35
softmax,11712,2.1724395104683936,0.421875,37
softmax,11776,2.227029808331281,0.3125,44
softmax,11840,2.0712058669887483,0.421875,37
softmax,11904,2.397878624498844,0.3125,44
softmax,11968,2.2257792537566274,0.34375,42
softmax,12032,2.2280896324373316,0.453125,35
softmax,12096,2.2770131684374064,0.3125,44
softmax,12160,2.301249819691293,0.375,40
softmax,12224,2.5732267764396966,0.265625,47
softmax,12288,2.0058518984442344,0.390625,39
softmax,12352,2.3602832476608455,0.34375,42
softmax,12416,2.200097159089637,0.296875,45
softmax,12480,2.359750679694116,0.3125,44
softmax,12544,2.201695013383869,0.40625,38
softmax,12608,1.972918261308223,0.4375,36
softmax,12672,2.397236879914999,0.375,40
softmax,12736,2.2501597316004336,0.359375,41
softmax,12800,2.2457992509007454,0.28125,46
softmax,12864,2.277189541811822,0.3125,44
softmax,12928,2.4174224871385377,0.25,48
softmax,12992,2.182491998653859,0.40625,38
softmax,13056,2.0928043925669044,0.375,40
softmax,13120,2.167973920601071,0.359375,41
softmax,13184,1.9441815422760556,0.421875,37
softmax,13248,2.417479323456064,0.375,40
softmax,13312,2.861009137472138,0.171875,53
softmax,13376,2.184713588823797,0.34375,42
softmax,13440,2.0030687530816067,0.375,40
softmax,13504,2.1394316119112773,0.34375,42
softmax,13568,2.1240206184011186,0.375,40
softmax,13632,2.116607337782625,0.390625,39
softmax,13696,2.0221500345796812,0.390625,39
softmax,13760,2.139697242688271,0.375,40
softmax,13824,2.5058237176854163,0.28125,46
softmax,13888,2.121335060801357,0.328125,43
softmax,13952,2.3457731005037203,0.40625,38
softmax,14016,2.305184461598401,0.3125,44
softmax,14080,2.7052285857935203,0.28125,46
softmax,14144,2.146236410131678,0.375,40
softmax,14208,2.064776200990309,0.40625,38
softmax,14272,2.231429686420597,0.296875,45
softmax,14336,1.8446308849088382,0.5,32
softmax,14400,2.16028661216842,0.34375,42
softmax,14464,2.039772355434252,0.421875,37
softmax,14528,2.3026810665614903,0.359375,41
softmax,14592,2.324702886166051,0.25,48
softmax,14656,2.096434094477445,0.34375,42
softmax,14720,2.051463312440319,0.375,40
softmax,14784,2.141994153149426,0.359375,41
softmax,14848,2.179298216055031,0.375,40
softmax,14912,2.2261989278486,0.28125,46
softmax,14976,2.6250879110593814,0.28125,46
softmax,15040,2.000368369059288,0.40625,38
softmax,15104,2.1120477615768323,0.34375,42
softmax,15168,2.149250382790342,0.421875,37
softmax,15232,2.1740207369439304,0.34375,42
softmax,15296,2.238337022252381,0.328125,43
softmax,15360,2.0843495982990135,0.3125,44
softmax,15424,2.196105117443949,0.359375,41
softmax,15488,2.1375653697177768,0.421875,37
softmax,15552,2.21902013104409,0.328125,43
softmax,15616,2.1568065006576944,0.46875,34
softmax,15680,2.012965641915798,0.359375,41
softmax,15744,2.2721563938539475,0.328125,43
softmax,15808,2.1959282587631606,0.296875,45
softmax,15872,2.446246803039685,0.28125,46
softmax,15936,2.4594267954526003,0.328125,43
softmax,16000,1.8972780561889522,0.5,32
softmax,16064,2.201391438487917,0.34375,42
softmax,16128,2.1851020655594766,0.515625,31
softmax,16192,2.308850538916886,0.34375,42
softmax,16256,2.3135389261879027,0.34375,42
softmax,16320,2.302261358126998,0.296875,45
softmax,16384,2.5579773476347327,0.296875,45
softmax,16448,2.7333711511455476,0.265625,47
softmax,16512,2.1584962108172476,0.328125,43
softmax,16576,2.1146872064564377,0.4375,36
softmax,16640,2.1625169042963535,0.359375,41
softmax,16704,2.187665593344718,0.359375,41
softmax,16768,2.0888816034421325,0.390625,39
softmax,16832,2.1105061054695398,0.390625,39
softmax,16896,2.895573944566422,0.3125,44
softmax,16960,3.2343568669166416,0.234375,49
softmax,17024,2.339218490291387,0.390625,39
softmax,17088,2.318283249158412,0.359375,41
softmax,17152,2.308293594280258,0.34375,42
softmax,17216,3.07250034250319,0.3125,44
softmax,17280,2.428880610037595,0.3125,44
softmax,17344,2.516277652233839,0.375,40
softmax,17408,2.8447438762523234,0.171875,53
softmax,17472,2.4528161589987576,0.328125,43
softmax,17536,2.4551025682594627,0.359375,41
softmax,17600,2.73035936197266,0.296875,45
softmax,17664,2.8037437305320054,0.328125,43
softmax,17728,2.3085700601805,0.359375,41
softmax,17792,2.624716422520578,0.25,48
softmax,17856,2.6965402390342206,0.25,48
softmax,17920,2.56180397211574,0.296875,45
softmax,17984,2.586595744593069,0.28125,46
softmax,18048,2.110796359134838,0.4375,36
softmax,18112,2.2773299259133637,0.3125,44
softmax,18176,2.3449939892161638,0.421875,37
softmax,18240,2.610784398857504,0.34375,42
softmax,18304,3.119449979159981,0.28125,46
softmax,18368,2.0368013195693493,0.375,40
softmax,18432,2.2061275732703507,0.375,40
softmax,18496,2.076686739223078,0.390625,39
softmax,18560,2.0576719866949134,0.359375,41
softmax,18624,2.0146903649438173,0.390625,39
softmax,18688,1.9987882777058985,0.421875,37
softmax,18752,2.09263625391759,0.390625,39
softmax,18816,1.5465544101898558,0.609375,25
softmax,18880,2.380148006370291,0.375,40
softmax,18944,1.9842470346484333,0.421875,37
softmax,19008,2.486707905307412,0.328125,43
softmax,19072,2.2091071950271726,0.34375,42
softmax,19136,2.210382945369929,0.375,40
softmax,19200,2.1240613053087145,0.40625,38
softmax,19264,2.1218571984645678,0.390625,39
softmax,19328,2.168217579717748,0.328125,43
softmax,19392,2.467803133651614,0.25,48
softmax,19456,1.7748512306570774,0.484375,33
softmax,19520,2.1949659279198386,0.375,40
softmax,19584,2.4345223953714594,0.421875,37
softmax,19648,2.5240789020899683,0.328125,43
softmax,19712,1.9030762345792027,0.515625,31
softmax,19776,2.294336511287838,0.28125,46
softmax,19840,2.068500824694638,0.375,40
softmax,19904,1.9581546088447794,0.453125,35
softmax,19968,1.9831348271109164,0.375,40
softmax,20032,2.1090737445047125,0.34375,42
softmax,20096,2.1309355492703617,0.421875,37
softmax,20160,2.3108046721172286,0.390625,39
softmax,20224,1.848230401519686,0.4375,36
softmax,20288,2.1478690403018845,0.359375,41
softmax,20352,2.1531259213516023,0.40625,38
softmax,20416,2.2027180230797967,0.296875,45
softmax,20480,2.3768115830025636,0.359375,41
softmax,20544,2.209725496592,0.40625,38
softmax,20608,2.6219250473659486,0.25,48
softmax,20672,2.5069127131428104,0.296875,45
softmax,20736,1.9773225848330185,0.375,40
softmax,20800,2.3590175661811372,0.3125,44
softmax,20864,2.1723449332639575,0.375,40
softmax,20928,1.7632727728778264,0.484375,33
softmax,20992,2.3055781074799597,0.265625,47
softmax,21056,2.0668124436051585,0.328125,43
softmax,21120,2.4629047294147313,0.265625,47
softmax,21184,2.1032973285764456,0.375,40
softmax,21248,2.3895376820582896,0.265625,47
softmax,21312,2.2768300035968423,0.296875,45
softmax,21376,2.3409357767086476,0.296875,45
softmax,21440,2.4896489463280886,0.296875,45
softmax,21504,2.306677581742406,0.328125,43
softmax,21568,2.2561951929237694,0.359375,41
softmax,21632,2.1920732129365206,0.3125,44
softmax,21696,2.438077817467274,0.328125,43
softmax,21760,2.148690206988249,0.28125,46
softmax,21824,2.187822143547237,0.34375,42
softmax,21888,2.2966271669138223,0.3125,44
softmax,21952,2.209789053304121,0.34375,42
softmax,22016,1.9910272946581244,0.453125,35
softmax,22080,2.4600275764241815,0.265625,47
softmax,22144,2.2424282650463283,0.40625,38
softmax,22208,2.00174924521707,0.40625,38
softmax,22272,2.224116014316678,0.421875,37
softmax,22336,2.274817674799124,0.328125,43
softmax,22400,2.185439974273322,0.34375,42
softmax,22464,2.366067281749565,0.265625,47
softmax,22528,2.496428646147251,0.328125,43
softmax,22592,2.4714274208818097,0.390625,39
softmax,22656,1.9926719062641496,0.421875,37
softmax,22720,1.7942282697622431,0.515625,31
softmax,22784,2.4696968866483076,0.265625,47
softmax,22848,2.319816653180169,0.34375,42
softmax,22912,2.295864464715123,0.296875,45
softmax,22976,1.9726576049870346,0.4375,36
softmax,23040,2.156026001117425,0.40625,38
softmax,23104,2.318974169436842,0.34375,42
softmax,23168,2.1572932528797537,0.296875,45
softmax,23232,2.1772499235812575,0.390625,39
softmax,23296,2.4673602746333927,0.265625,47
softmax,23360,2.1922570057213306,0.25,48
softmax,23424,2.290172658395022,0.359375,41
softmax,23488,2.3548996407771483,0.3125,44
softmax,23552,2.1912618570495397,0.4375,36
softmax,23616,2.1998240465763956,0.359375,41
softmax,23680,2.222972710238537,0.4375,36
softmax,23744,2.2838890578132123,0.328125,43
softmax,23808,2.3109609218518017,0.34375,42
softmax,23872,2.065673389006406,0.390625,39
softmax,23936,2.1927914989646524,0.3125,44
softmax,24000,2.4479461652226746,0.28125,46
softmax,24064,2.0911184209398925,0.453125,35
softmax,24128,2.0303895021788776,0.4375,36
softmax,24192,1.9846941803116351,0.390625,39
softmax,24256,1.978172321585589,0.375,40
softmax,24320,2.041147867406835,0.4375,36
softmax,24384,2.536014673532918,0.25,48
softmax,24448,2.2286478348542005,0.328125,43
softmax,24512,2.2925266795791686,0.34375,42
softmax,24576,1.9531097252038307,0.484375,33
softmax,24640,2.3085599415935576,0.375,40
softmax,24704,2.1726862334180623,0.34375,42
softmax,24768,2.224842460331274,0.34375,42
softmax,24832,2.5641605702694505,0.3125,44
softmax,24896,2.000749496743083,0.421875,37
softmax,24960,2.1887733107432723,0.328125,43
softmax,25024,2.0591515933629125,0.421875,37
softmax,25088,2.4024851825088263,0.265625,47
softmax,25152,2.0919393928488716,0.46875,34
softmax,25216,2.4778484194539487,0.234375,49
softmax,25280,2.0575322546064854,0.390625,39
softmax,25344,2.156366185983643,0.375,40
softmax,25408,2.02493699779734,0.390625,39
softmax,25472,2.0624648765660822,0.3125,44
softmax,25536,1.9658377654413925,0.4375,36
softmax,25600,1.9599526815291028,0.453125,35
softmax,25664,2.1762922785565024,0.453125,35
softmax,25728,2.0764245071914047,0.359375,41
softmax,25792,1.9522102726623416,0.4375,36
softmax,25856,2.323568965541199,0.28125,46
softmax,25920,2.131199242314324,0.390625,39
softmax,25984,2.115153137827292,0.328125,43
softmax,26048,2.194015072498587,0.390625,39
softmax,26112,1.846875032177195,0.453125,35
softmax,26176,2.291114245308563,0.3125,44
softmax,26240,2.0159903733147075,0.4375,36
softmax,26304,2.0425374497572193,0.359375,41
softmax,26368,2.2921132096089423,0.375,40
softmax,26432,2.1918924339552177,0.328125,43
softmax,26496,1.8421222834149376,0.4375,36
softmax,26560,2.181269475724548,0.375,40
softmax,26624,2.0057120760902762,0.390625,39
softmax,26688,2.0602124799479498,0.359375,41
softmax,26752,2.121231068391353,0.390625,39
softmax,26816,2.047281764491345,0.390625,39
softmax,26880,2.329146151198074,0.34375,42
softmax,26944,2.269017351558432,0.359375,41
softmax,27008,1.9485760740208207,0.453125,35
softmax,27072,2.003410454679397,0.46875,34
softmax,27136,2.148362224921584,0.375,40
softmax,27200,2.3327026604674757,0.296875,45
softmax,27264,2.35659797268454,0.296875,45
softmax,27328,2.507394781569019,0.296875,45
softmax,27392,2.3042784929275513,0.25,48
softmax,27456,2.064806977054104,0.375,40
softmax,27520,2.1560567223932594,0.40625,38
softmax,27584,2.2711672380100936,0.265625,47
softmax,27648,2.0125147893559188,0.390625,39
softmax,27712,2.4217239305435214,0.28125,46
softmax,27776,2.171155736548826,0.34375,42
softmax,27840,2.0440208995714784,0.421875,37
softmax,27904,2.1464615578297526,0.359375,41
softmax,27968,1.874231454450637,0.453125,35
softmax,28032,2.3076363001018763,0.4375,36
softmax,28096,2.293087688740343,0.375,40
softmax,28160,2.258463082369417,0.328125,43
softmax,28224,2.1489757678937167,0.359375,41
softmax,28288,2.1333353018853813,0.40625,38
softmax,28352,1.99818499898538,0.296875,45
softmax,28416,2.172116236994043,0.34375,42
softmax,28480,2.5648884105030447,0.328125,43
softmax,28544,2.0003717709332705,0.40625,38
softmax,28608,2.1313216367270797,0.359375,41
softmax,28672,2.281361503060907,0.265625,47
softmax,28736,2.1457813867164077,0.359375,41
softmax,28800,2.1037925286218524,0.359375,41
softmax,28864,2.2428457350470126,0.328125,43
softmax,28928,2.1531217815354466,0.34375,42
softmax,28992,2.14476380078122,0.375,40
softmax,29056,2.072638216195628,0.390625,39
softmax,29120,2.3138018301688135,0.3125,44
softmax,29184,2.166224448243156,0.40625,38
softmax,29248,2.1358723994344473,0.390625,39
softmax,29312,2.2003644758369774,0.265625,47
softmax,29376,2.0777225245255977,0.390625,39
softmax,29440,2.002279473003,0.375,40
softmax,29504,2.1999527318403125,0.34375,42
softmax,29568,2.267386867199093,0.25,48
softmax,29632,2.3743540323339403,0.234375,49
softmax,29696,2.437910293461755,0.265625,47
softmax,29760,2.3006054731085896,0.359375,41
softmax,29824,2.194565198617056,0.296875,45
softmax,29888,2.2550056639593095,0.390625,39
softmax,29952,2.210356308845803,0.375,40
softmax,30016,2.0498914488125592,0.390625,39
softmax,30080,2.148432880101609,0.34375,42
softmax,30144,1.9611819778947392,0.5,32
softmax,30208,2.2917222680989653,0.375,40
softmax,30272,2.0572675690054893,0.390625,39
softmax,30336,2.0164436291670427,0.4375,36
softmax,30400,2.285314785083756,0.3125,44
softmax,30464,2.4921079624909908,0.296875,45
softmax,30528,2.073756230296567,0.390625,39
softmax,30592,2.3545734398066998,0.296875,45
softmax,30656,2.2785240467637777,0.296875,45
softmax,30720,2.3675116570666432,0.3125,44
softmax,30784,2.2337169451639056,0.359375,41
softmax,30848,2.1487498045898974,0.40625,38
softmax,30912,2.336774599942146,0.34375,42
softmax,30976,2.354662564350292,0.390625,39
softmax,31040,2.0888822678971337,0.421875,37
softmax,31104,2.265397836090415,0.328125,43
softmax,31168,2.226139507489279,0.265625,47
softmax,31232,2.138521106913686,0.40625,38
softmax,31296,2.4086870988830924,0.296875,45
softmax,31360,2.2281659739091992,0.3125,44
softmax,31424,2.0872364318929613,0.390625,39
softmax,31488,1.9624577844224405,0.421875,37
softmax,31552,2.328521143179387,0.265625,47
softmax,31616,2.445013319607824,0.265625,47
softmax,31680,2.1080668966751546,0.359375,41
softmax,31744,2.3060120462905616,0.328125,43
softmax,31808,2.215226373169571,0.375,40
softmax,31872,2.146981131285429,0.4375,36
softmax,31936,2.1301586811896414,0.421875,37
softmax,32000,2.1721719852648675,0.390625,39
softmax,32064,2.1894763421732932,0.296875,45
softmax,32128,2.1570611668284982,0.421875,37
softmax,32192,2.0434716432355344,0.453125,35
softmax,32256,2.2070127765182406,0.28125,46
softmax,32320,2.3035937696695328,0.359375,41
softmax,32384,2.3912668039556593,0.234375,49
softmax,32448,2.2340546776540577,0.296875,45
softmax,32512,2.3082534119021147,0.40625,38
softmax,32576,2.317085990915075,0.34375,42
softmax,32640,2.008200400741771,0.390625,39
softmax,32704,2.305574182086275,0.421875,37
softmax,32768,2.5961516206152737,0.25,48
softmax,32832,2.156166711356491,0.375,40
softmax,32896,2.2346375761553645,0.34375,42
softmax,32960,2.6540436211507767,0.265625,47
softmax,33024,2.2077593482099473,0.34375,42
softmax,33088,2.230754542397335,0.34375,42
softmax,33152,2.413426691433415,0.28125,46
softmax,33216,2.156415045261383,0.390625,39
softmax,33280,2.0795174778904766,0.3125,44
softmax,33344,2.157733932021074,0.359375,41
softmax,33408,2.243600613437593,0.390625,39
softmax,33472,2.374673197744414,0.34375,42
softmax,33536,2.2913394442293793,0.28125,46
softmax,33600,2.095966215711087,0.390625,39
softmax,33664,2.2002268489450216,0.3125,44
softmax,33728,2.397107236785814,0.328125,43
softmax,33792,2.4423405702691525,0.34375,42
softmax,33856,2.325578121934086,0.359375,41
softmax,33920,2.0899664682801813,0.359375,41
softmax,33984,2.071802565595135,0.359375,41
softmax,34048,2.121792658464983,0.359375,41
softmax,34112,1.9564136092085391,0.46875,34
softmax,34176,2.569281674688682,0.25,48
softmax,34240,2.2215712503530085,0.328125,43
softmax,34304,2.0010694604134187,0.40625,38
softmax,34368,2.2180568878538907,0.359375,41
softmax,34432,2.351221928372979,0.34375,42
softmax,34496,2.4461852982640266,0.28125,46
softmax,34560,2.044800099451095,0.421875,37
softmax,34624,1.9869966877158731,0.375,40
softmax,34688,2.1182123398029944,0.375,40
softmax,34752,2.285612865467556,0.3125,44
softmax,34816,1.9315061838860856,0.375,40
softmax,34880,2.096934422486811,0.390625,39
softmax,34944,2.3376598940376425,0.328125,43
softmax,35008,2.058283060177928,0.4375,36
softmax,35072,2.2698170114308596,0.3125,44
softmax,35136,1.799194206323591,0.46875,34
softmax,35200,2.202025896636769,0.359375,41
softmax,35264,2.036467225290835,0.4375,36
softmax,35328,1.9366523521894123,0.453125,35
softmax,35392,2.0903910410415847,0.34375,42
softmax,35456,2.022628644364886,0.359375,41
softmax,35520,2.1012934241443872,0.421875,37
softmax,35584,2.198469847906381,0.328125,43
softmax,35648,2.2497386131435633,0.359375,41
softmax,35712,2.24961280496791,0.28125,46
softmax,35776,1.8901810799725354,0.421875,37
softmax,35840,2.206693382366211,0.375,40
softmax,35904,2.353753759714891,0.34375,42
softmax,35968,2.2525445212377235,0.375,40
softmax,36032,2.2810803426546045,0.328125,43
softmax,36096,2.2491654762416147,0.265625,47
softmax,36160,2.3062204148300225,0.328125,43
softmax,36224,2.217925957404077,0.28125,46
softmax,36288,2.121898002224043,0.390625,39
softmax,36352,2.218960054917261,0.3125,44
softmax,36416,2.2914321727585047,0.359375,41
softmax,36480,2.4271745280129835,0.34375,42
softmax,36544,2.102615398398484,0.421875,37
softmax,36608,2.077519257480162,0.359375,41
softmax,36672,2.391558726783842,0.265625,47
softmax,36736,2.442289408441866,0.3125,44
softmax,36800,1.898858254775405,0.375,40
softmax,36864,2.1813501184806228,0.34375,42
softmax,36928,1.9323062447365373,0.4375,36
softmax,36992,2.1981902266852558,0.390625,39
softmax,37056,2.4939957375172526,0.28125,46
softmax,37120,2.497205490479246,0.3125,44
softmax,37184,2.156970576616004,0.359375,41
softmax,37248,2.2065819487906992,0.328125,43
softmax,37312,2.044564347015694,0.375,40
softmax,37376,2.1233534932835028,0.40625,38
softmax,37440,2.2554691680707037,0.40625,38
softmax,37504,2.2954985476098955,0.375,40
softmax,37568,2.3809681669808924,0.359375,41
softmax,37632,1.9681481483858079,0.40625,38
softmax,37696,2.220291579142213,0.359375,41
softmax,37760,2.0212508004624397,0.34375,42
softmax,37824,2.1902017979882658,0.34375,42
softmax,37888,2.0684399027377367,0.421875,37
softmax,37952,2.2262955368496478,0.21875,50
softmax,38016,2.286548262112774,0.375,40
softmax,38080,2.020235428819433,0.40625,38
softmax,38144,2.0143379794899374,0.359375,41
softmax,38208,2.267466599587351,0.34375,42
softmax,38272,1.9231347090099007,0.46875,34
softmax,38336,2.302014584420249,0.34375,42
softmax,38400,2.222064594272524,0.328125,43
softmax,38464,2.232425975613296,0.328125,43
softmax,38528,2.260955498088151,0.40625,38
softmax,38592,2.558511844603345,0.3125,44
softmax,38656,2.0129612234886736,0.421875,37
softmax,38720,1.8579683515708894,0.4375,36
softmax,38784,2.131247502984479,0.390625,39
softmax,38848,2.176848294955562,0.375,40
softmax,38912,2.103225768310949,0.390625,39
softmax,38976,2.1186664416454732,0.375,40
softmax,39040,2.1656966572627425,0.3125,44
softmax,39104,1.941995171830058,0.421875,37
softmax,39168,2.304435250349343,0.28125,46
softmax,39232,2.1794627998024225,0.359375,41
softmax,39296,2.0494721485301852,0.375,40
softmax,39360,2.3421538511756808,0.28125,46
softmax,39424,2.257742836372927,0.25,48
softmax,39488,1.9682281790301204,0.375,40
softmax,39552,2.208331358851865,0.28125,46
softmax,39616,2.1478987795708235,0.265625,47
softmax,39680,2.0587970917113125,0.34375,42
softmax,39744,1.8299328705761582,0.4375,36
softmax,39808,2.1804238583426923,0.328125,43
softmax,39872,2.1356428771978244,0.3125,44
softmax,39936,2.3457112666219473,0.265625,47
softmax,40000,2.4134495006874204,0.28125,46
softmax,40064,2.052571556341718,0.4375,36
softmax,40128,2.296559819718823,0.34375,42
softmax,40192,2.0255751732183853,0.40625,38
softmax,40256,2.2549478460859973,0.328125,43
softmax,40320,2.055357396020554,0.390625,39
softmax,40384,2.0889155903132632,0.359375,41
softmax,40448,2.5463640763482545,0.234375,49
softmax,40512,2.243468558372115,0.34375,42
softmax,40576,2.204367537749931,0.375,40
softmax,40640,2.219683067407459,0.40625,38
softmax,40704,2.0928133632987738,0.359375,41
softmax,40768,2.145775150231202,0.4375,36
softmax,40832,1.8544085025787354,0.484375,33
softmax,40896,2.1512934456113726,0.34375,42
softmax,40960,2.0071752164512873,0.390625,39
softmax,41024,2.099853401115979,0.34375,42
softmax,41088,2.2682781347539276,0.34375,42
softmax,41152,2.2507046366808936,0.34375,42
softmax,41216,2.0230450658127666,0.421875,37
softmax,41280,2.2067118186387233,0.375,40
softmax,41344,2.086895079119131,0.375,40
softmax,41408,2.2461995945777744,0.34375,42
softmax,41472,2.304824002319947,0.296875,45
softmax,41536,2.2022323014680296,0.3125,44
softmax,41600,2.1724755309987813,0.390625,39
softmax,41664,1.966879834420979,0.46875,34
softmax,41728,2.072579309809953,0.4375,36
softmax,41792,2.0826080227270722,0.359375,41
softmax,41856,2.385850482387468,0.328125,43
softmax,41920,1.97721337711846,0.40625,38
softmax,41984,2.2256280051078647,0.28125,46
softmax,42048,2.066080840770155,0.40625,38
softmax,42112,2.0423459159210324,0.390625,39
softmax,42176,2.2206513644196093,0.328125,43
softmax,42240,1.7965987229254097,0.46875,34
softmax,42304,2.12227248121053,0.375,40
softmax,42368,2.0552445924840868,0.3125,44
softmax,42432,2.15311038098298,0.34375,42
softmax,42496,2.0002192759420723,0.328125,43
softmax,42560,1.9612841058988124,0.40625,38
softmax,42624,2.245964745990932,0.28125,46
softmax,42688,2.0604578179772943,0.375,40
softmax,42752,2.3480654957238585,0.265625,47
softmax,42816,2.198903262382373,0.34375,42
softmax,42880,2.1058704261668026,0.375,40
softmax,42944,2.251436759950593,0.296875,45
softmax,43008,2.2096763940062374,0.265625,47
softmax,43072,2.2840754771605134,0.375,40
softmax,43136,2.4123943215236068,0.296875,45
softmax,43200,2.177546016580891,0.40625,38
softmax,43264,2.1637796086724848,0.421875,37
softmax,43328,2.252876732032746,0.34375,42
softmax,43392,2.1077968532044906,0.3125,44
softmax,43456,1.970875118393451,0.453125,35
softmax,43520,2.0367996523273177,0.34375,42
softmax,43584,2.573911955492804,0.296875,45
softmax,43648,2.05043464746268,0.390625,39
softmax,43712,2.2325586259976262,0.359375,41
softmax,43776,2.460969040170312,0.28125,46
softmax,43840,2.2240056150913006,0.421875,37
softmax,43904,2.005292454501614,0.34375,42
softmax,43968,2.3270441002678126,0.25,48
softmax,44032,1.983849461088539,0.421875,37
softmax,44096,1.758658830425702,0.46875,34
softmax,44160,1.8586586639139568,0.484375,33
softmax,44224,2.0914948422287125,0.40625,38
softmax,44288,2.2807602662069257,0.421875,37
softmax,44352,1.9882897552161012,0.40625,38
softmax,44416,2.2600061586126685,0.40625,38
softmax,44480,2.205146324413363,0.328125,43
softmax,44544,2.015220571978716,0.4375,36
softmax,44608,2.0408953314763494,0.4375,36
softmax,44672,2.147727985167876,0.3125,44
softmax,44736,2.4323233705945313,0.328125,43
softmax,44800,2.011177430395037,0.5,32
softmax,44864,2.206701058661565,0.296875,45
softmax,44928,1.8869337884243578,0.453125,35
softmax,44992,2.1413138959323987,0.375,40
softmax,45056,2.0296472012996674,0.40625,38
softmax,45120,2.423685730434954,0.21875,50
softmax,45184,2.0950503945350647,0.34375,42
softmax,45248,2.262003820389509,0.328125,43
softmax,45312,2.267306230729446,0.359375,41
softmax,45376,2.2075181365944445,0.34375,42
softmax,45440,2.4695533784106374,0.25,48
softmax,45504,2.1080935019999743,0.375,40
softmax,45568,2.150830223225057,0.34375,42
softmax,45632,2.3504068637266755,0.328125,43
softmax,45696,2.0605795939918607,0.4375,36
softmax,45760,2.162664543138817,0.390625,39
softmax,45824,2.241133599774912,0.328125,43
softmax,45888,2.392557230312377,0.375,40
softmax,45952,2.182704586768523,0.359375,41
softmax,46016,1.9509240735787898,0.484375,33
softmax,46080,2.0808768880087882,0.453125,35
softmax,46144,2.002915285760537,0.453125,35
softmax,46208,2.4510098681785166,0.296875,45
softmax,46272,1.949944106861949,0.40625,38
softmax,46336,2.199126868523308,0.3125,44
softmax,46400,2.1537838692311198,0.40625,38
softmax,46464,1.6758682374638738,0.5,32
softmax,46528,1.939496222359594,0.4375,36
softmax,46592,1.8955733679176774,0.40625,38
softmax,46656,2.0968107276130468,0.328125,43
softmax,46720,2.3081642859615386,0.40625,38
softmax,46784,2.184598786989227,0.328125,43
softmax,46848,2.1363593920395942,0.390625,39
softmax,46912,2.056582599048852,0.453125,35
softmax,46976,2.238130785059184,0.421875,37
softmax,47040,2.405712901847437,0.265625,47
softmax,47104,2.109652984654531,0.359375,41
softmax,47168,2.061336847022176,0.46875,34
softmax,47232,2.04807429300854,0.328125,43
softmax,47296,2.296801384538412,0.390625,39
softmax,47360,2.0843022163026035,0.375,40
softmax,47424,2.0722902074921876,0.390625,39
softmax,47488,2.164870275417343,0.3125,44
softmax,47552,2.444368816446513,0.328125,43
softmax,47616,2.3668964270036668,0.265625,47
softmax,47680,2.1805451810359955,0.375,40
softmax,47744,2.2918569799512625,0.3125,44
softmax,47808,2.0727487723343074,0.390625,39
softmax,47872,2.431355787673965,0.3125,44
softmax,47936,2.2588406556169502,0.328125,43
softmax,48000,2.5967890374886338,0.375,40
softmax,48064,2.096057355636731,0.359375,41
softmax,48128,2.268101301509887,0.375,40
softmax,48192,2.126123743131757,0.296875,45
softmax,48256,2.2734874063171446,0.296875,45
softmax,48320,2.235963940154761,0.296875,45
softmax,48384,2.0553689345542807,0.375,40
softmax,48448,1.938654282290372,0.40625,38
softmax,48512,2.3672154846135527,0.3125,44
softmax,48576,2.2068668454885483,0.34375,42
softmax,48640,2.183130623685429,0.453125,35
softmax,48704,2.3933537043631077,0.265625,47
softmax,48768,2.469842411155696,0.25,48
softmax,48832,2.330784350328031,0.296875,45
softmax,48896,1.9941120052244514,0.375,40
softmax,48960,2.2426406857848633,0.3125,44
softmax,49024,1.8300648387521505,0.46875,34
softmax,49088,2.129445952217793,0.390625,39
softmax,49152,2.1050857508089393,0.359375,41
softmax,49216,2.1789723889087327,0.359375,41
softmax,49280,2.2114904168993235,0.3125,44
softmax,49344,2.047075079084607,0.375,40
softmax,49408,2.090137725113891,0.359375,41
softmax,49472,2.226299150614068,0.375,40
softmax,49536,2.466485098004341,0.265625,47
softmax,49600,2.19250201433897,0.34375,42
softmax,49664,2.102279794868082,0.390625,39
softmax,49728,2.291895608883351,0.359375,41
softmax,49792,2.068299889782793,0.453125,35
softmax,49856,2.163329785107635,0.328125,43
softmax,49920,2.14910162621527,0.375,40
softmax,49984,2.2057257839478552,0.3125,44
softmax,50048,1.889725828281371,0.4375,36
softmax,50112,2.0231891117000487,0.4375,36
softmax,50176,2.124014404194895,0.328125,43
softmax,50240,2.1379874276462942,0.359375,41
softmax,50304,2.133602973073721,0.328125,43
softmax,50368,2.1239429428242147,0.421875,37
softmax,50432,2.1476605634670705,0.3125,44
softmax,50496,1.9113510646566283,0.390625,39
softmax,50560,2.0745754227245925,0.359375,41
softmax,50624,2.1883875725325197,0.34375,42
softmax,50688,2.0884710150858155,0.40625,38
softmax,50752,2.135101042687893,0.34375,42
softmax,50816,2.3096664391923696,0.328125,43
softmax,50880,2.3440093975514174,0.28125,46
softmax,50944,2.277534638531506,0.328125,43
softmax,51008,1.9547224521666067,0.421875,37
softmax,51072,2.263203057460487,0.25,48
softmax,51136,2.034104430291336,0.40625,38
softmax,51200,2.3214632726449054,0.265625,47
softmax,51264,2.1482841000979533,0.34375,42
softmax,51328,1.8521276605024468,0.421875,37
softmax,51392,2.264094225858571,0.34375,42
softmax,51456,1.8936489839397836,0.4375,36
softmax,51520,2.052024762844667,0.46875,34
softmax,51584,2.137399133294821,0.359375,41
softmax,51648,2.1139438315294683,0.390625,39
softmax,51712,1.9581251698546112,0.390625,39
softmax,51776,2.071106741670519,0.375,40
softmax,51840,2.1617126022465527,0.28125,46
softmax,51904,2.2174167425837368,0.390625,39
softmax,51968,2.286887117967126,0.359375,41
softmax,52032,1.9366447557113133,0.421875,37
softmax,52096,2.005147321120603,0.4375,36
softmax,52160,2.218579486841918,0.4375,36
softmax,52224,2.3565904766437598,0.359375,41
softmax,52288,2.044171107641887,0.34375,42
softmax,52352,2.145745943504153,0.46875,34
softmax,52416,1.9766378619387979,0.421875,37
softmax,52480,2.061841907707276,0.359375,41
softmax,52544,2.0153058541473,0.375,40
softmax,52608,2.198024639626965,0.390625,39
softmax,52672,2.333024095976725,0.25,48
softmax,52736,2.200776766578201,0.375,40
softmax,52800,2.167602307163179,0.375,40
softmax,52864,2.489454295762698,0.34375,42
softmax,52928,1.8980920002795756,0.453125,35
softmax,52992,2.2074399853590876,0.34375,42
softmax,53056,2.4565725225256756,0.296875,45
softmax,53120,2.286840047221631,0.390625,39
softmax,53184,2.102906306972727,0.328125,43
softmax,53248,2.2473502981010824,0.296875,45
softmax,53312,2.2408002431038767,0.3125,44
softmax,53376,2.2552881638985127,0.359375,41
softmax,53440,2.0982752933632582,0.421875,37
softmax,53504,2.1575143102090806,0.34375,42
softmax,53568,2.0594834424264263,0.40625,38
softmax,53632,2.2129484096949454,0.296875,45
softmax,53696,2.337024391628802,0.28125,46
softmax,53760,2.2172554457356455,0.328125,43
softmax,53824,1.8178043096268084,0.453125,35
softmax,53888,2.159325292945141,0.375,40
softmax,53952,2.0009670484578237,0.390625,39
softmax,54016,2.039793752366677,0.40625,38
softmax,54080,2.0262021366506815,0.40625,38
softmax,54144,1.902748492633691,0.453125,35
softmax,54208,2.168978418339975,0.359375,41
softmax,54272,2.044954494354897,0.40625,38
softmax,54336,2.1645218943303917,0.40625,38
softmax,54400,2.1002507725788746,0.375,40
softmax,54464,2.143813262897311,0.328125,43
softmax,54528,2.126367883756757,0.421875,37
softmax,54592,2.1419993680901825,0.375,40
softmax,54656,2.3104116561589763,0.3125,44
softmax,54720,2.3291781381703913,0.296875,45
softmax,54784,2.016046470729634,0.375,40
softmax,54848,2.3094760702806525,0.375,40
softmax,54912,2.0750072081573308,0.390625,39
softmax,54976,2.1079682966228575,0.390625,39
softmax,55040,2.2053313585929573,0.359375,41
softmax,55104,2.26491113146767,0.28125,46
softmax,55168,2.183306774124503,0.328125,43
softmax,55232,2.394389451481402,0.34375,42
softmax,55296,2.0440273819549475,0.359375,41
softmax,55360,2.409444397169864,0.34375,42
softmax,55424,2.0118883058894426,0.4375,36
softmax,55488,1.6879597260704031,0.484375,33
softmax,55552,2.310095451073721,0.359375,41
softmax,55616,2.127280596178025,0.421875,37
softmax,55680,2.0850832456490025,0.375,40
softmax,55744,2.4610148973297328,0.265625,47
softmax,55808,2.072375609583105,0.375,40
softmax,55872,1.9875927435787162,0.5,32
softmax,55936,2.2498078329954296,0.375,40
softmax,56000,2.477160723414272,0.234375,49
softmax,56064,1.8344190966163296,0.46875,34
softmax,56128,2.468756530666724,0.28125,46
softmax,56192,1.9733405806473456,0.40625,38
softmax,56256,2.015506608877331,0.375,40
softmax,56320,1.804565398444538,0.40625,38
softmax,56384,2.1450871422712225,0.34375,42
softmax,56448,2.2425296552246436,0.328125,43
softmax,56512,2.3957664330955595,0.328125,43
softmax,56576,2.262532476335764,0.328125,43
softmax,56640,2.3828399013727903,0.296875,45
softmax,56704,2.1869400119176134,0.40625,38
softmax,56768,1.9929935920517892,0.4375,36
softmax,56832,2.2658015869092196,0.296875,45
softmax,56896,2.2233569100499153,0.375,40
softmax,56960,2.3318588444963098,0.28125,46
softmax,57024,2.4134032076981384,0.265625,47
softmax,57088,2.420389198465273,0.328125,43
softmax,57152,2.1650184250902385,0.390625,39
softmax,57216,2.2367477908264846,0.390625,39
softmax,57280,2.4916680390015244,0.234375,49
softmax,57344,2.3746120512951165,0.28125,46
softmax,57408,1.8354402501136065,0.484375,33
softmax,57472,2.265982856042683,0.34375,42
linear,0,2.0180838629603386,0.4375,36
linear,64,1.9816296560456976,0.359375,41
linear,128,1.6120649941731244,0.515625,31
linear,192,1.9506630397954723,0.484375,33
linear,256,1.942609058576636,0.40625,38
linear,320,1.9400643786648288,0.484375,33
linear,384,1.720348610833753,0.546875,29
linear,448,2.1077284413622692,0.34375,42
linear,512,1.9808954964391887,0.5,32
linear,576,1.8857706347480416,0.40625,38
linear,640,2.0127543257549405,0.453125,35
linear,704,1.8495801610406488,0.375,40
linear,768,1.7274554201867431,0.546875,29
linear,832,2.001229981528013,0.34375,42
linear,896,2.26974304948817,0.34375,42
linear,960,2.146252525621094,0.328125,43
linear,1024,1.6098935113986954,0.515625,31
linear,1088,2.1355067710392177,0.34375,42
linear,1152,2.187911803368479,0.390625,39
linear,1216,1.7799961726996116,0.4375,36
linear,1280,2.021910044015385,0.46875,34
linear,1344,1.6760096383077325,0.53125,30
linear,1408,1.8092994367470965,0.34375,42
linear,1472,1.9795474484562874,0.421875,37
linear,1536,2.122006321325898,0.375,40
linear,1600,1.7896610022289678,0.46875,34
linear,1664,1.894369139103219,0.421875,37
linear,1728,2.028707499965094,0.390625,39
linear,1792,1.936041540117003,0.421875,37
linear,1856,1.790365683613345,0.453125,35
linear,1920,1.9610374632757157,0.453125,35
linear,1984,2.051147784717614,0.375,40
linear,2048,1.9349255027482286,0.375,40
linear,2112,1.941981498763198,0.515625,31
linear,2176,1.9112433792906813,0.46875,34
linear,2240,1.8511800504056737,0.5,32
linear,2304,2.01339184504468,0.421875,37
linear,2368,1.8365511326119304,0.40625,38
linear,2432,1.961437691192259,0.421875,37
linear,2496,1.5916325218859129,0.5,32
linear,2560,2.060982575552771,0.4375,36
linear,2624,1.9070765264477814,0.4375,36
linear,2688,1.9642857399303466,0.453125,35
linear,2752,1.7929001004667953,0.453125,35
linear,2816,1.798049802542664,0.453125,35
linear,2880,1.955541481031105,0.421875,37
linear,2944,1.8412929032638203,0.453125,35
linear,3008,1.6207028675853508,0.5,32
linear,3072,2.419130371767096,0.3125,44
linear,3136,2.0881725237704813,0.40625,38
linear,3200,3.582204299629666,0.109375,57
linear,3264,2.2070189936930547,0.375,40
linear,3328,1.9834463368169963,0.4375,36
linear,3392,2.600845000750269,0.3125,44
linear,3456,2.0513565486762673,0.375,40
linear,3520,2.0021239635534585,0.390625,39
linear,3584,2.0217535683186725,0.421875,37
linear,3648,1.8891451089293696,0.484375,33
linear,3712,2.1197722796350718,0.390625,39
linear,3776,2.663327635033056,0.390625,39
linear,3840,1.7162597727729008,0.515625,31
linear,3904,1.7939073950983584,0.5,32
linear,3968,2.3060633367858827,0.34375,42
linear,4032,1.8473162534937728,0.4375,36
linear,4096,1.9208906322601251,0.4375,36
linear,4160,1.9427791327034356,0.421875,37
linear,4224,2.1120834606408607,0.359375,41
linear,4288,1.9032885674387217,0.4375,36
linear,4352,1.9563116282224655,0.34375,42
linear,4416,2.318367430532817,0.3125,44
linear,4480,2.0024160289322026,0.40625,38
linear,4544,1.7792944556567818,0.453125,35
linear,4608,1.7753848293796182,0.5,32
linear,4672,1.4378966573713114,0.59375,26
linear,4736,1.6681659780442715,0.5625,28
linear,4800,2.0026812786236405,0.46875,34
linear,4864,2.049890526337549,0.390625,39
linear,4928,1.9195801177993417,0.453125,35
linear,4992,1.832959806008148,0.453125,35
linear,5056,2.0916115049039945,0.390625,39
linear,5120,2.4326769859471824,0.25,48
linear,5184,1.8066654863068834,0.5,32
linear,5248,1.597085721383337,0.5,32
linear,5312,1.8550674067228101,0.4375,36
linear,5376,1.8780372326727957,0.46875,34
linear,5440,2.1679996454622597,0.40625,38
linear,5504,1.9935065568424761,0.359375,41
linear,5568,2.1049784717615694,0.3125,44
linear,5632,2.0938750396016985,0.34375,42
linear,5696,1.948669712524861,0.5,32
linear,5760,1.8481140403309837,0.453125,35
linear,5824,2.0685865599662066,0.359375,41
linear,5888,1.99618263496086,0.3125,44
linear,5952,2.0489973538788036,0.421875,37
linear,6016,1.7805768027319573,0.4375,36
linear,6080,1.9004048621281981,0.453125,35
linear,6144,1.8035089746990707,0.515625,31
linear,6208,1.9025091961957514,0.515625,31
linear,6272,1.9036260227439925,0.40625,38
linear,6336,1.941732479375787,0.4375,36
linear,6400,2.1485701717901975,0.390625,39
linear,6464,1.8073305011494085,0.53125,30
linear,6528,1.8154934279154986,0.46875,34
linear,6592,1.8438321726862341,0.53125,30
linear,6656,1.800438891572412,0.4375,36
linear,6720,1.6826129190303618,0.53125,30
linear,6784,1.8049356385599822,0.453125,35
linear,6848,2.202794238575734,0.390625,39
linear,6912,2.1140232185134664,0.390625,39
linear,6976,2.208633433096111,0.40625,38
linear,7040,2.234330732084345,0.375,40
linear,7104,2.029374428326264,0.4375,36
linear,7168,2.0757439067820087,0.375,40
linear,7232,2.1335552940145135,0.375,40
linear,7296,2.0079781226231717,0.375,40
linear,7360,2.1000918347854167,0.34375,42
linear,7424,2.120667935931124,0.421875,37
linear,7488,2.056225151522085,0.328125,43
linear,7552,2.0220353360055014,0.453125,35
linear,7616,2.9543296936753904,0.25,48
linear,7680,2.112661578459665,0.421875,37
linear,7744,2.0888407876482233,0.40625,38
linear,7808,2.478057903586887,0.390625,39
linear,7872,2.664017170536681,0.421875,37
linear,7936,1.7211624973278958,0.453125,35
linear,8000,1.4133547777310014,0.59375,26
linear,8064,1.67281774233561,0.5,32
linear,8128,1.8691937777912244,0.4375,36
linear,8192,2.035195723758079,0.375,40
linear,8256,2.0159406571328873,0.375,40
linear,8320,1.9881518178153783,0.375,40
linear,8384,1.6441744958865456,0.53125,30
linear,8448,1.8792500643758103,0.421875,37
linear,8512,2.0265457575733308,0.421875,37
linear,8576,1.7866504152771086,0.484375,33
linear,8640,1.8356626750610303,0.4375,36
linear,8704,1.6871242865599925,0.5,32
linear,8768,1.8954976862296462,0.4375,36
linear,8832,1.8357993684476241,0.453125,35
linear,8896,1.7148935512668686,0.546875,29
linear,8960,2.055212019244209,0.359375,41
linear,9024,1.647144037851831,0.546875,29
linear,9088,1.8819900599773973,0.421875,37
linear,9152,1.639888686593622,0.421875,37
linear,9216,1.9728406365029514,0.40625,38
linear,9280,1.7241103130945703,0.453125,35
linear,9344,2.367838511505397,0.359375,41
linear,9408,2.636005520937033,0.328125,43
linear,9472,2.076225917437114,0.390625,39
linear,9536,1.9270067304605618,0.421875,37
linear,9600,1.971106993732974,0.4375,36
linear,9664,1.9697992706496734,0.453125,35
linear,9728,1.7082802519726101,0.5,32
linear,9792,2.0872387906129006,0.40625,38
linear,9856,1.9637708119116724,0.453125,35
linear,9920,1.7645662783179432,0.46875,34
linear,9984,1.853879371075891,0.46875,34
linear,10048,1.7999080572044477,0.5,32
linear,10112,1.9233219205634668,0.40625,38
linear,10176,1.8684137831442058,0.484375,33
linear,10240,1.7875735312118195,0.421875,37
linear,10304,1.8119662530953065,0.484375,33
linear,10368,2.0826856795465574,0.375,40
linear,10432,1.7814352395944297,0.40625,38
linear,10496,1.941609780304134,0.34375,42
linear,10560,1.882973538711667,0.40625,38
linear,10624,1.9262208911823109,0.5,32
linear,10688,1.6291892672306858,0.53125,30
linear,10752,2.312973899563076,0.328125,43
linear,10816,2.0378867849940434,0.40625,38
linear,10880,1.9052120643900707,0.4375,36
linear,10944,1.7595156519237207,0.421875,37
linear,11008,1.5484070821694331,0.484375,33
linear,11072,1.7555229482386494,0.5,32
linear,11136,2.1084414213255513,0.40625,38
linear,11200,2.335109704057686,0.3125,44
linear,11264,2.004647458670661,0.390625,39
linear,11328,2.0111585356353316,0.390625,39
linear,11392,1.9977644666505512,0.34375,42
linear,11456,2.156390933188959,0.375,40
linear,11520,2.2724185329279862,0.375,40
linear,11584,1.6909325203305343,0.5,32
linear,11648,1.6535976168233901,0.515625,31
linear,11712,1.8045301510719582,0.5,32
linear,11776,1.8151486956048757,0.453125,35
linear,11840,1.7160925543867052,0.5,32
linear,11904,2.1169487276347354,0.359375,41
linear,11968,1.9805598494131118,0.421875,37
linear,12032,1.9205812098225579,0.5,32
linear,12096,2.1239638088736683,0.40625,38
linear,12160,2.0445694762747735,0.453125,35
linear,12224,2.153815174009651,0.359375,41
linear,12288,1.868907613432384,0.46875,34
linear,12352,2.034317350946367,0.421875,37
linear,12416,1.9952212507778313,0.375,40
linear,12480,2.2461739596910775,0.328125,43
linear,12544,2.0108400541066658,0.484375,33
linear,12608,1.7067121008876711,0.4375,36
linear,12672,2.1834330948768184,0.421875,37
linear,12736,1.7778932906221598,0.484375,33
linear,12800,1.7527831993065774,0.453125,35
linear,12864,1.9016022454743506,0.4375,36
linear,12928,2.280839845974697,0.328125,43
linear,12992,2.139141228515655,0.421875,37
linear,13056,1.8214886810164899,0.453125,35
linear,13120,1.9218126411142293,0.4375,36
linear,13184,1.7395076832326595,0.453125,35
linear,13248,2.175791818939615,0.4375,36
linear,13312,2.5415372611023486,0.34375,42
linear,13376,1.7903623599850107,0.453125,35
linear,13440,1.6102880966063822,0.453125,35
linear,13504,1.8056762286287267,0.546875,29
linear,13568,1.9319696546590421,0.40625,38
linear,13632,1.890866867324803,0.390625,39
linear,13696,1.7802180533763021,0.453125,35
linear,13760,2.022732058438123,0.40625,38
linear,13824,2.1340293468674645,0.359375,41
linear,13888,1.784996033529751,0.40625,38
linear,13952,2.126790769616491,0.4375,36
linear,14016,2.0584622637252323,0.375,40
linear,14080,2.4580417322576977,0.359375,41
linear,14144,1.8574588669580407,0.46875,34
linear,14208,1.7102670511812903,0.53125,30
linear,14272,1.9510322149872081,0.375,40
linear,14336,1.643492186369258,0.53125,30
linear,14400,1.8880577852978604,0.5,32
linear,14464,1.878602961776778,0.46875,34
linear,14528,2.159879602608271,0.453125,35
linear,14592,2.2879272968275473,0.34375,42
linear,14656,1.906778392396518,0.4375,36
linear,14720,1.796092442033114,0.515625,31
linear,14784,1.8582233666675165,0.453125,35
linear,14848,2.0333314789750148,0.359375,41
linear,14912,1.850276706405566,0.421875,37
linear,14976,2.2309591766097583,0.359375,41
linear,15040,1.8080954444449162,0.5,32
linear,15104,2.017325518987491,0.453125,35
linear,15168,1.7370530888438225,0.53125,30
linear,15232,1.8274617018178105,0.53125,30
linear,15296,1.930399609846063,0.453125,35
linear,15360,1.843368901652866,0.40625,38
linear,15424,1.822154046734795,0.515625,31
linear,15488,1.7420477617997676,0.515625,31
linear,15552,1.9317822136217728,0.4375,36
linear,15616,1.9047696382185677,0.484375,33
linear,15680,1.801362873724429,0.453125,35
linear,15744,2.012245156452991,0.390625,39
linear,15808,1.84364044816175,0.453125,35
linear,15872,2.0815911986865103,0.40625,38
linear,15936,2.0820525798480958,0.390625,39
linear,16000,1.5760390132491011,0.5625,28
linear,16064,1.818000452243723,0.453125,35
linear,16128,1.9706923741614446,0.5,32
linear,16192,1.9338323285337538,0.421875,37
linear,16256,2.1227601321879774,0.40625,38
linear,16320,2.030128741869703,0.390625,39
linear,16384,2.293863150058314,0.390625,39
linear,16448,2.337372115580365,0.328125,43
linear,16512,2.0519082124810666,0.421875,37
linear,16576,1.8413579518673941,0.4375,36
linear,16640,1.7984805565793067,0.453125,35
linear,16704,1.9834572384133935,0.421875,37
linear,16768,1.7856847705552354,0.421875,37
linear,16832,1.6523104522493668,0.53125,30
linear,16896,2.697132643617806,0.328125,43
linear,16960,2.7184647255344316,0.375,40
linear,17024,1.9159834410529584,0.453125,35
linear,17088,2.0000692711910233,0.4375,36
linear,17152,1.9557549710734747,0.40625,38
linear,17216,2.7423578412272036,0.359375,41
linear,17280,2.1145815771305934,0.453125,35
linear,17344,2.1766407324466854,0.421875,37
linear,17408,2.569271125132218,0.3125,44
linear,17472,2.0266391349723563,0.40625,38
linear,17536,2.1440078457817435,0.4375,36
linear,17600,2.2485815219115466,0.46875,34
linear,17664,2.3740124840987846,0.390625,39
linear,17728,2.0202449506614357,0.40625,38
linear,17792,2.330531943938695,0.375,40
linear,17856,2.4164366559125483,0.3125,44
linear,17920,2.141377894906327,0.421875,37
linear,17984,2.3370413940865546,0.390625,39
linear,18048,1.933900352101773,0.375,40
linear,18112,2.113662072340958,0.375,40
linear,18176,2.021618768281769,0.515625,31
linear,18240,2.549480266519822,0.3125,44
linear,18304,2.9062314333423274,0.328125,43
linear,18368,1.6741825169883668,0.59375,26
linear,18432,1.800631528138183,0.4375,36
linear,18496,1.7984400670975447,0.46875,34
linear,18560,1.926891213253839,0.40625,38
linear,18624,1.6364987632405246,0.5625,28
linear,18688,1.6239655864919769,0.546875,29
linear,18752,1.6757867296691984,0.546875,29
linear,18816,1.2589435548725305,0.65625,22
linear,18880,2.026558813988231,0.421875,37
linear,18944,1.5861035526322667,0.515625,31
linear,19008,2.1637225731974468,0.390625,39
linear,19072,1.9738695276901126,0.375,40
linear,19136,1.833015090902336,0.484375,33
linear,19200,1.9581927531398833,0.4375,36
linear,19264,1.8445570253679762,0.484375,33
linear,19328,1.8676577383012045,0.46875,34
linear,19392,2.0914649649639614,0.359375,41
linear,19456,1.3658243070240133,0.578125,27
linear,19520,1.8292162186698988,0.390625,39
linear,19584,2.105608733778354,0.53125,30
linear,19648,2.094547750428319,0.5,32
linear,19712,1.565797241171822,0.515625,31
linear,19776,1.934869539225474,0.390625,39
linear,19840,1.6527659280691296,0.5,32
linear,19904,1.7057718888681848,0.453125,35
linear,19968,1.653456924657803,0.515625,31
linear,20032,1.8180793158244342,0.4375,36
linear,20096,1.7241539140231907,0.5,32
linear,20160,2.098722291571903,0.375,40
linear,20224,1.6221299552416895,0.484375,33
linear,20288,1.8343152669258416,0.4375,36
linear,20352,1.9072047933877911,0.46875,34
linear,20416,1.8816228426003363,0.421875,37
linear,20480,2.1391354254155885,0.390625,39
linear,20544,2.120093372184783,0.359375,41
linear,20608,2.214752781088464,0.28125,46
linear,20672,2.2346947165206075,0.390625,39
linear,20736,1.599491537490394,0.5,32
linear,20800,2.0584497795789503,0.34375,42
linear,20864,1.8120179671095684,0.421875,37
linear,20928,1.4940316168795107,0.640625,23
linear,20992,1.9386660766322166,0.40625,38
linear,21056,1.8209594870859291,0.453125,35
linear,21120,2.064437799155712,0.375,40
linear,21184,1.5862891285214573,0.515625,31
linear,21248,2.1343238174449652,0.296875,45
linear,21312,2.007941579679027,0.34375,42
linear,21376,2.069167897454463,0.359375,41
linear,21440,2.2791692989412695,0.328125,43
linear,21504,2.140170181519352,0.40625,38
linear,21568,1.916406334610656,0.421875,37
linear,21632,2.0036454688524827,0.421875,37
linear,21696,2.2070297205937095,0.34375,42
linear,21760,1.886994833155768,0.4375,36
linear,21824,1.8004879803629592,0.40625,38
linear,21888,2.0526788955321535,0.359375,41
linear,21952,1.9385861060582101,0.421875,37
linear,22016,1.5239686649292707,0.609375,25
linear,22080,2.126221140031703,0.390625,39
linear,22144,2.098535244818777,0.359375,41
linear,22208,1.5752755019348115,0.515625,31
linear,22272,1.879588419571519,0.5,32
linear,22336,1.9849630024691578,0.40625,38
linear,22400,1.8249894889304414,0.515625,31
linear,22464,2.054024195196689,0.328125,43
linear,22528,2.3230370148085058,0.296875,45
linear,22592,2.189305956941098,0.484375,33
linear,22656,1.6308308224397479,0.515625,31
linear,22720,1.433266701773391,0.609375,25
linear,22784,2.301096867362503,0.359375,41
linear,22848,2.0139787173247896,0.4375,36
linear,22912,2.137162050581537,0.375,40
linear,22976,1.8188957570819184,0.484375,33
linear,23040,1.9078376812394708,0.40625,38
linear,23104,1.8836739603430033,0.40625,38
linear,23168,1.9306331917177886,0.4375,36
linear,23232,2.0081905191764235,0.46875,34
linear,23296,2.1156477424083278,0.359375,41
linear,23360,2.2281569812912494,0.359375,41
linear,23424,1.8980672237230465,0.46875,34
linear,23488,2.11560666715377,0.359375,41
linear,23552,2.1712258502375335,0.40625,38
linear,23616,2.1296074009733275,0.390625,39
linear,23680,2.0325444894260727,0.453125,35
linear,23744,2.040374521864578,0.375,40
linear,23808,1.9101472398615442,0.484375,33
linear,23872,1.579708257544553,0.484375,33
linear,23936,1.7303389674052596,0.46875,34
linear,24000,2.076922736596316,0.359375,41
linear,24064,1.9025808144942857,0.46875,34
linear,24128,1.770067883306183,0.515625,31
linear,24192,1.7318808776326478,0.515625,31
linear,24256,1.8349345525784884,0.375,40
linear,24320,1.8461187720968155,0.453125,35
linear,24384,2.20612333714962,0.296875,45
linear,24448,1.9484070212347433,0.40625,38
linear,24512,2.04754893691279,0.390625,39
linear,24576,1.7248962274607038,0.515625,31
linear,24640,2.0590779330814257,0.421875,37
linear,24704,1.89734930859413,0.375,40
linear,24768,2.0533120555628557,0.375,40
linear,24832,2.2476898974273354,0.40625,38
linear,24896,1.746739773079753,0.453125,35
linear,24960,1.8686767242616042,0.40625,38
linear,25024,1.8412749178241938,0.421875,37
linear,25088,2.1222200664924458,0.34375,42
linear,25152,1.6971320954617113,0.515625,31
linear,25216,2.172851417097263,0.34375,42
linear,25280,1.8804546045139432,0.390625,39
linear,25344,1.853144217049703,0.40625,38
linear,25408,1.713018577778712,0.5,32
linear,25472,1.8289896935457364,0.4375,36
linear,25536,1.824307431699708,0.4375,36
linear,25600,1.8706846046407009,0.46875,34
linear,25664,1.7933407748059835,0.546875,29
linear,25728,1.7364242211915553,0.484375,33
linear,25792,1.7133702844148502,0.515625,31
linear,25856,1.9627812495455146,0.453125,35
linear,25920,1.933029767475091,0.421875,37
linear,25984,2.01894282118883,0.390625,39
linear,26048,2.0150573390128557,0.484375,33
linear,26112,1.5569598726578988,0.515625,31
linear,26176,2.030622920836322,0.3125,44
linear,26240,1.737124572013272,0.53125,30
linear,26304,1.7704811665753368,0.515625,31
linear,26368,1.9630080885253847,0.453125,35
linear,26432,1.8868924038833939,0.40625,38
linear,26496,1.5335382668999955,0.5625,28
linear,26560,2.043229392846115,0.453125,35
linear,26624,1.6319526445586234,0.546875,29
linear,26688,1.863287659638445,0.390625,39
linear,26752,1.953000188106671,0.40625,38
linear,26816,1.7149259236757644,0.46875,34
linear,26880,2.070323715219274,0.453125,35
linear,26944,2.009881916339509,0.40625,38
linear,27008,1.7643291187559953,0.53125,30
linear,27072,1.812595351919299,0.59375,26
linear,27136,1.8074298423016444,0.46875,34
linear,27200,2.1426885302644223,0.375,40
linear,27264,2.2279295296175405,0.390625,39
linear,27328,2.051856398116797,0.46875,34
linear,27392,1.9860341676976532,0.375,40
linear,27456,1.9000137590337545,0.421875,37
linear,27520,1.996229526703246,0.453125,35
linear,27584,2.0879876516992226,0.4375,36
linear,27648,1.7808815024327487,0.5,32
linear,27712,2.2030275688448455,0.34375,42
linear,27776,2.0501324996585026,0.390625,39
linear,27840,1.7978992398420814,0.40625,38
linear,27904,1.7302023980300874,0.46875,34
linear,27968,1.5792818946065381,0.546875,29
linear,28032,1.9296382366446778,0.5,32
linear,28096,2.0564193555619568,0.421875,37
linear,28160,2.129326556925662,0.328125,43
linear,28224,1.9683368301484734,0.4375,36
linear,28288,1.824093324597925,0.53125,30
linear,28352,1.7131637063575909,0.453125,35
linear,28416,1.8312570652924478,0.421875,37
linear,28480,2.440322235575877,0.359375,41
linear,28544,1.7842378478962928,0.546875,29
linear,28608,1.82564499322325,0.46875,34
linear,28672,1.8493628787109628,0.40625,38
linear,28736,1.9629817571403692,0.4375,36
linear,28800,1.9069633171893656,0.375,40
linear,28864,2.016417947015725,0.390625,39
linear,28928,1.9682305413298309,0.359375,41
linear,28992,1.9220666391775012,0.40625,38
linear,29056,1.6518423424568027,0.5,32
linear,29120,1.9786830260418355,0.390625,39
linear,29184,1.956120379269123,0.4375,36
linear,29248,1.9888837817125022,0.421875,37
linear,29312,1.8370668076677248,0.4375,36
linear,29376,1.813840320566669,0.46875,34
linear,29440,1.681347452220507,0.484375,33
linear,29504,1.9332564569776878,0.4375,36
linear,29568,1.9812511245254427,0.375,40
linear,29632,2.097897893516347,0.359375,41
linear,29696,2.147954632062465,0.390625,39
linear,29760,2.1460333159193397,0.375,40
linear,29824,1.9697563011432067,0.40625,38
linear,29888,1.9913624187465757,0.46875,34
linear,29952,1.919191584805958,0.515625,31
linear,30016,1.662867522565648,0.484375,33
linear,30080,1.8450947852106765,0.390625,39
linear,30144,1.765105950384168,0.546875,29
linear,30208,1.9248056390788406,0.421875,37
linear,30272,1.61290565028321,0.484375,33
linear,30336,1.7711789729073644,0.5,32
linear,30400,2.039510033442639,0.40625,38
linear,30464,2.2618566777091473,0.34375,42
linear,30528,1.7162862844998017,0.53125,30
linear,30592,1.9993938289117068,0.421875,37
linear,30656,2.0282829200150445,0.375,40
linear,30720,2.1652583992108703,0.328125,43
linear,30784,1.9837941164150834,0.484375,33
linear,30848,1.8857210256392136,0.5,32
linear,30912,2.183220395934768,0.359375,41
linear,30976,2.0505158049054444,0.421875,37
linear,31040,1.768745731387753,0.46875,34
linear,31104,1.9417341165681137,0.4375,36
linear,31168,2.075484645785764,0.375,40
linear,31232,1.8571357489563525,0.40625,38
linear,31296,2.1952326730825007,0.375,40
linear,31360,1.8617424421245232,0.4375,36
linear,31424,1.670365532685537,0.5,32
linear,31488,1.7305530635057949,0.453125,35
linear,31552,1.9256167585263029,0.359375,41
linear,31616,2.2745938648004085,0.296875,45
linear,31680,1.7153464494040236,0.46875,34
linear,31744,2.0510733012342826,0.40625,38
linear,31808,1.7850063865771517,0.4375,36
linear,31872,2.0392133864806965,0.40625,38
linear,31936,1.8521746909245849,0.453125,35
linear,32000,1.7611830194946378,0.4375,36
linear,32064,1.8788241447182372,0.390625,39
linear,32128,1.855364189017564,0.546875,29
linear,32192,1.7320782088208944,0.5625,28
linear,32256,1.8733310741372406,0.46875,34
linear,32320,2.010361062712036,0.40625,38
linear,32384,2.1023627809481695,0.390625,39
linear,32448,2.018341811723076,0.390625,39
linear,32512,1.989486392820254,0.453125,35
linear,32576,1.9972241193754598,0.40625,38
linear,32640,1.7267245919210836,0.4375,36
linear,32704,2.0124369121331256,0.40625,38
linear,32768,2.2881135875359178,0.265625,47
linear,32832,1.896962340339087,0.421875,37
linear,32896,1.8854230416473001,0.453125,35
linear,32960,2.6103915782878175,0.28125,46
linear,33024,1.9463245159713551,0.390625,39
linear,33088,1.9284155191853642,0.4375,36
linear,33152,2.1089278106810525,0.4375,36
linear,33216,1.7938337763771415,0.484375,33
linear,33280,1.8897201824001968,0.40625,38
linear,33344,1.9282273885473842,0.40625,38
linear,33408,1.9128185895970091,0.4375,36
linear,33472,2.1418895025271922,0.46875,34
linear,33536,1.9171891298610717,0.453125,35
linear,33600,1.8326082818675786,0.4375,36
linear,33664,2.034879944520071,0.34375,42
linear,33728,2.0675393007695675,0.375,40
linear,33792,2.2859723640140146,0.34375,42
linear,33856,2.055912512820214,0.40625,38
linear,33920,1.6870528666768223,0.484375,33
linear,33984,1.7895848533371463,0.453125,35
linear,34048,1.8689453536644578,0.390625,39
linear,34112,1.6712623614585027,0.484375,33
linear,34176,2.3114241745788604,0.359375,41
linear,34240,1.983645823202096,0.40625,38
linear,34304,1.8285362453898415,0.515625,31
linear,34368,1.9051186486613005,0.421875,37
linear,34432,2.219542113598436,0.40625,38
linear,34496,2.175923332804814,0.3125,44
linear,34560,1.6901555127697065,0.484375,33
linear,34624,1.7704228195361793,0.453125,35
linear,34688,2.0028192290774314,0.453125,35
linear,34752,1.9508184632577468,0.4375,36
linear,34816,1.7530362309189513,0.4375,36
linear,34880,1.9524574567913078,0.4375,36
linear,34944,2.029241848998936,0.359375,41
linear,35008,1.7013051241228823,0.5625,28
linear,35072,1.9976144705433398,0.40625,38
linear,35136,1.6468792198284063,0.5,32
linear,35200,1.9240920851007104,0.421875,37
linear,35264,1.6593630550196394,0.59375,26
linear,35328,1.7517729683604557,0.546875,29
linear,35392,1.8014613938576076,0.546875,29
linear,35456,1.6054536019219086,0.46875,34
linear,35520,1.9300141457933933,0.5,32
linear,35584,1.8919653469929472,0.421875,37
linear,35648,2.132691422943026,0.40625,38
linear,35712,2.0539540130412206,0.390625,39
linear,35776,1.610638769576326,0.484375,33
linear,35840,1.952258484714548,0.46875,34
linear,35904,2.221184249065118,0.40625,38
linear,35968,1.839159686875064,0.484375,33
linear,36032,1.910039337395574,0.390625,39
linear,36096,1.8996518850617576,0.40625,38
linear,36160,2.0580844991927734,0.453125,35
linear,36224,1.9102755325147882,0.484375,33
linear,36288,1.7584449907299131,0.4375,36
linear,36352,1.9886696066241711,0.34375,42
linear,36416,1.8929400850320235,0.421875,37
linear,36480,2.1899951970553957,0.421875,37
linear,36544,1.8208573588635772,0.484375,33
linear,36608,1.9266413628065493,0.453125,35
linear,36672,1.9954889905638993,0.4375,36
linear,36736,1.8922065729275346,0.46875,34
linear,36800,1.724947982118465,0.46875,34
linear,36864,1.9969484873581678,0.375,40
linear,36928,1.6773715736344457,0.5,32
linear,36992,2.0845308457501233,0.421875,37
linear,37056,2.2533770436421037,0.390625,39
linear,37120,2.3627386109437793,0.390625,39
linear,37184,1.9925211572553962,0.4375,36
linear,37248,1.8148437552154064,0.390625,39
linear,37312,1.7580152922309935,0.46875,34
linear,37376,1.5923791426757816,0.5625,28
linear,37440,1.9100940296193585,0.46875,34
linear,37504,1.9249458364211023,0.453125,35
linear,37568,2.042161609278992,0.421875,37
linear,37632,1.6908904912415892,0.515625,31
linear,37696,2.140023814397864,0.390625,39
linear,37760,1.7118486030958593,0.46875,34
linear,37824,1.928130907122977,0.421875,37
linear,37888,1.900082294945605,0.453125,35
linear,37952,1.9152282809372991,0.34375,42
linear,38016,1.9258295150939375,0.390625,39
linear,38080,1.6722505224170163,0.453125,35
linear,38144,1.633693810144905,0.4375,36
linear,38208,1.850644856269355,0.390625,39
linear,38272,1.6653637700947002,0.5,32
linear,38336,1.9245553794316947,0.4375,36
linear,38400,1.9482741579413414,0.421875,37
linear,38464,1.763813899946399,0.5,32
linear,38528,2.042553800274618,0.46875,34
linear,38592,2.329983528587036,0.328125,43
linear,38656,1.652518050861545,0.515625,31
linear,38720,1.592469360679388,0.546875,29
linear,38784,1.8088602575007826,0.484375,33
linear,38848,1.8849033246806357,0.4375,36
linear,38912,1.7010596647160128,0.53125,30
linear,38976,1.753670534468256,0.46875,34
linear,39040,1.8557340397965163,0.53125,30
linear,39104,1.6123687127255835,0.5625,28
linear,39168,2.0193139538168907,0.390625,39
linear,39232,1.993953434517607,0.40625,38
linear,39296,1.6788831097073853,0.484375,33
linear,39360,2.0670745101524517,0.375,40
linear,39424,2.054717920604162,0.34375,42
linear,39488,1.7522407920332626,0.484375,33
linear,39552,1.7479100323980674,0.421875,37
linear,39616,1.9254133631038712,0.34375,42
linear,39680,1.7417953979456797,0.5,32
linear,39744,1.4931343190837651,0.546875,29
linear,39808,1.8169746012426913,0.390625,39
linear,39872,1.8266315491637215,0.46875,34
linear,39936,2.0302393620368093,0.4375,36
linear,40000,2.1048313702922314,0.359375,41
linear,40064,1.8247347930737305,0.46875,34
linear,40128,1.9379516376066022,0.421875,37
linear,40192,1.7052181321341777,0.453125,35
linear,40256,1.8659036562312394,0.5,32
linear,40320,1.7138916220865212,0.515625,31
linear,40384,1.7121902768267319,0.40625,38
linear,40448,2.0376581720483955,0.34375,42
linear,40512,1.9499149816401768,0.484375,33
linear,40576,1.9577790019102395,0.390625,39
linear,40640,1.8457075726182666,0.421875,37
linear,40704,1.7250480065122247,0.46875,34
linear,40768,1.8143210783455288,0.515625,31
linear,40832,1.5211470409994945,0.5625,28
linear,40896,1.6599995960714296,0.5,32
linear,40960,1.8854542018380016,0.421875,37
linear,41024,1.8788723536999896,0.46875,34
linear,41088,1.9601666532689705,0.359375,41
linear,41152,2.030120171926683,0.4375,36
linear,41216,1.9024526820285246,0.453125,35
linear,41280,1.8757515033794334,0.46875,34
linear,41344,1.7820092167239636,0.5,32
linear,41408,1.9836534620262682,0.421875,37
linear,41472,2.071176490630023,0.375,40
linear,41536,1.9632405786542222,0.453125,35
linear,41600,1.8321412083460018,0.5,32
linear,41664,1.7686235347064212,0.53125,30
linear,41728,1.90286241681315,0.484375,33
linear,41792,1.7434881987283006,0.46875,34
linear,41856,2.0068496271269396,0.453125,35
linear,41920,1.6091860789747443,0.59375,26
linear,41984,1.8651101825525984,0.46875,34
linear,42048,1.893628785153851,0.484375,33
linear,42112,1.8274673271225765,0.40625,38
linear,42176,2.053907723282464,0.421875,37
linear,42240,1.525743271689862,0.53125,30
linear,42304,1.9809279366163537,0.46875,34
linear,42368,1.7913932196097448,0.453125,35
linear,42432,1.948090239893645,0.453125,35
linear,42496,1.747648018063046,0.421875,37
linear,42560,1.764578576083295,0.515625,31
linear,42624,1.8961884580785409,0.40625,38
linear,42688,1.7168365485267714,0.484375,33
linear,42752,1.978368506883271,0.40625,38
linear,42816,1.9867498443927616,0.46875,34
linear,42880,1.880540418671444,0.421875,37
linear,42944,2.084478174918331,0.421875,37
linear,43008,1.9040329657727852,0.4375,36
linear,43072,1.999300032388419,0.46875,34
linear,43136,1.9992582676932216,0.40625,38
linear,43200,1.9189523002423812,0.40625,38
linear,43264,1.9416936293710023,0.4375,36
linear,43328,1.8072971507208422,0.53125,30
linear,43392,1.9277185960527277,0.40625,38
linear,43456,1.586625787022058,0.546875,29
linear,43520,1.7312590703368187,0.484375,33
linear,43584,2.1786159558978397,0.34375,42
linear,43648,1.7234761163417716,0.484375,33
linear,43712,1.7569019155198475,0.4375,36
linear,43776,2.2820022969972342,0.28125,46
linear,43840,2.110893814955489,0.375,40
linear,43904,1.931771585062961,0.4375,36
linear,43968,1.9509528372436762,0.375,40
linear,44032,1.762334214450675,0.421875,37
linear,44096,1.5101264497061493,0.5,32
linear,44160,1.5978293434600346,0.5625,28
linear,44224,1.8138956997427158,0.46875,34
linear,44288,2.042278020468075,0.421875,37
linear,44352,1.600265896282508,0.515625,31
linear,44416,1.8979738110210747,0.484375,33
linear,44480,1.9994665101694409,0.421875,37
linear,44544,1.7938120847684331,0.453125,35
linear,44608,1.8326492697378853,0.484375,33
linear,44672,1.7100706837372854,0.46875,34
linear,44736,2.001414525322616,0.390625,39
linear,44800,1.6511232668999583,0.5625,28
linear,44864,1.6824566503055394,0.5,32
linear,44928,1.6093436753144488,0.5625,28
linear,44992,1.792499573319219,0.453125,35
linear,45056,1.6196870431303978,0.515625,31
linear,45120,2.1343424138613045,0.265625,47
linear,45184,1.8625521406065673,0.421875,37
linear,45248,1.7855622011702508,0.453125,35
linear,45312,1.8851839472772554,0.46875,34
linear,45376,1.8143894420936704,0.5,32
linear,45440,2.1029911384684965,0.359375,41
linear,45504,1.7290166675811633,0.5,32
linear,45568,1.7589430529624224,0.46875,34
linear,45632,2.1122217385564,0.359375,41
linear,45696,1.9381923258770257,0.453125,35
linear,45760,1.8424713389249519,0.46875,34
linear,45824,1.8796518527669832,0.46875,34
linear,45888,2.009715657826746,0.421875,37
linear,45952,1.8230942353839055,0.46875,34
linear,46016,1.4998842506902292,0.578125,27
linear,46080,1.843447409919463,0.546875,29
linear,46144,1.6301644099876285,0.578125,27
linear,46208,2.0230363439768553,0.375,40
linear,46272,1.5971730867167935,0.5,32
linear,46336,1.9643194716772996,0.390625,39
linear,46400,1.8848776219238061,0.421875,37
linear,46464,1.3709781170909991,0.65625,22
linear,46528,1.6655199570959667,0.46875,34
linear,46592,1.5798101679829415,0.515625,31
linear,46656,1.612341203726828,0.515625,31
linear,46720,2.0453904945170507,0.453125,35
linear,46784,1.8655808009789325,0.453125,35
linear,46848,1.8453637308703037,0.4375,36
linear,46912,1.9042594306520186,0.484375,33
linear,46976,1.9326680218800902,0.453125,35
linear,47040,2.182733301538974,0.375,40
linear,47104,1.7714431612985209,0.53125,30
linear,47168,1.7857077242224477,0.546875,29
linear,47232,1.809336830076063,0.421875,37
linear,47296,1.8832488125190139,0.484375,33
linear,47360,1.673073616810143,0.5,32
linear,47424,1.8773391140857711,0.40625,38
linear,47488,1.9497148925438523,0.4375,36
linear,47552,2.277986421249807,0.421875,37
linear,47616,1.9464695398928598,0.421875,37
linear,47680,1.9037827126448974,0.484375,33
linear,47744,2.183777480153367,0.40625,38
linear,47808,1.684638126345817,0.515625,31
linear,47872,2.2480302482144907,0.34375,42
linear,47936,1.972175111703109,0.453125,35
linear,48000,2.456890978006413,0.34375,42
linear,48064,1.7590118263615295,0.4375,36
linear,48128,1.9299449610407464,0.484375,33
linear,48192,1.9400610066950321,0.375,40
linear,48256,1.9512174589326605,0.40625,38
linear,48320,1.9747239974094555,0.40625,38
linear,48384,1.836213027476333,0.40625,38
linear,48448,1.6967246828280622,0.4375,36
linear,48512,2.138781165005639,0.40625,38
linear,48576,1.9278336223214865,0.390625,39
linear,48640,2.000465130491648,0.421875,37
linear,48704,2.0299847996793687,0.375,40
linear,48768,2.282138765323907,0.3125,44
linear,48832,2.226386060239747,0.375,40
linear,48896,1.729850969510153,0.515625,31
linear,48960,2.0791291743225884,0.421875,37
linear,49024,1.5281219777680235,0.5,32
linear,49088,1.9969305468694074,0.4375,36
linear,49152,1.785714750410989,0.453125,35
linear,49216,1.929934919346124,0.421875,37
linear,49280,1.8031170360045508,0.5,32
linear,49344,1.6414208401693031,0.484375,33
linear,49408,1.763223380636191,0.46875,34
linear,49472,1.9488416323438287,0.4375,36
linear,49536,2.24007581488695,0.296875,45
linear,49600,1.979672449058853,0.421875,37
linear,49664,1.7550541468663141,0.4375,36
linear,49728,2.0998720484785736,0.40625,38
linear,49792,1.8796599887136836,0.484375,33
linear,49856,1.9795034274138743,0.4375,36
linear,49920,2.0573038297879975,0.453125,35
linear,49984,2.073775363736786,0.453125,35
linear,50048,1.567045496442006,0.5625,28
linear,50112,1.9268049291422358,0.484375,33
linear,50176,1.7905830618692562,0.453125,35
linear,50240,1.9681963741313666,0.375,40
linear,50304,1.9427590651903301,0.453125,35
linear,50368,2.0789731887634844,0.40625,38
linear,50432,1.8256876511732116,0.46875,34
linear,50496,1.7460041746671777,0.453125,35
linear,50560,1.933317146540503,0.46875,34
linear,50624,1.7541450297576375,0.53125,30
linear,50688,1.8221824982610997,0.4375,36
linear,50752,1.9600818114122376,0.40625,38
linear,50816,2.0133535427739844,0.484375,33
linear,50880,2.082894712802954,0.359375,41
linear,50944,2.0158245833590627,0.4375,36
linear,51008,1.5964417982031591,0.625,24
linear,51072,2.0735596923332196,0.359375,41
linear,51136,1.6703447864711052,0.546875,29
linear,51200,1.9650831482431386,0.359375,41
linear,51264,1.9584374029363971,0.40625,38
linear,51328,1.5542346636211732,0.5625,28
linear,51392,1.9528084557969123,0.515625,31
linear,51456,1.811431088426616,0.46875,34
linear,51520,1.7841955187032,0.5,32
linear,51584,1.792139513650909,0.421875,37
linear,51648,1.7074900938896462,0.453125,35
linear,51712,1.7193052059446927,0.484375,33
linear,51776,1.6832747445441782,0.5,32
linear,51840,2.0365244522690773,0.328125,43
linear,51904,1.8238892471417785,0.46875,34
linear,51968,1.7850284210726386,0.5,32
linear,52032,1.7034337781806244,0.578125,27
linear,52096,1.645624221797334,0.53125,30
linear,52160,2.0279911534598796,0.46875,34
linear,52224,2.003334888155223,0.453125,35
linear,52288,1.6523008901858702,0.546875,29
linear,52352,1.9306260429584654,0.515625,31
linear,52416,1.6921777903626207,0.5,32
linear,52480,1.748034381045727,0.5,32
linear,52544,1.7463321464601904,0.46875,34
linear,52608,1.9398184333695099,0.390625,39
linear,52672,1.9244980256771669,0.421875,37
linear,52736,1.987762311968254,0.453125,35
linear,52800,1.9655824884976028,0.5,32
linear,52864,2.237586960516637,0.4375,36
linear,52928,1.586224231403321,0.515625,31
linear,52992,2.092413292848505,0.34375,42
linear,53056,2.3815132463059854,0.359375,41
linear,53120,1.9952928074635565,0.4375,36
linear,53184,1.9592871371423826,0.40625,38
linear,53248,1.953914849087596,0.390625,39
linear,53312,1.9123575693229213,0.390625,39
linear,53376,2.1084129792870954,0.4375,36
linear,53440,1.8836768716573715,0.421875,37
linear,53504,1.82555059727747,0.46875,34
linear,53568,1.9162143121357076,0.421875,37
linear,53632,2.1427442269341554,0.3125,44
linear,53696,2.0897601164178923,0.3125,44
linear,53760,1.737924499582732,0.5,32
linear,53824,1.5154327406344237,0.578125,27
linear,53888,1.9072759732953273,0.421875,37
linear,53952,1.7887467475957237,0.515625,31
linear,54016,1.7589880525047192,0.515625,31
linear,54080,1.8559330963762477,0.5,32
linear,54144,1.6202430621779058,0.484375,33
linear,54208,1.8610347471403657,0.484375,33
linear,54272,1.9134076383779757,0.484375,33
linear,54336,1.8620103439461673,0.46875,34
linear,54400,1.8338920997048263,0.421875,37
linear,54464,2.019789200669038,0.453125,35
linear,54528,1.6478220175486058,0.578125,27
linear,54592,1.8461362591478974,0.421875,37
linear,54656,1.9827179434360005,0.390625,39
linear,54720,1.9081092042615637,0.4375,36
linear,54784,1.808930414961651,0.4375,36
linear,54848,2.0221199869993143,0.453125,35
linear,54912,1.5905436534667388,0.5,32
linear,54976,1.6996859235223383,0.515625,31
linear,55040,1.7438876070082188,0.453125,35
linear,55104,1.9724782117409632,0.375,40
linear,55168,1.9610713115544058,0.421875,37
linear,55232,2.2312376375775784,0.328125,43
linear,55296,1.8645147531642579,0.53125,30
linear,55360,2.144851882942021,0.453125,35
linear,55424,1.7699131050612777,0.453125,35
linear,55488,1.3437366650032345,0.703125,19
linear,55552,1.955562730669044,0.453125,35
linear,55616,1.9951281684916466,0.4375,36
linear,55680,1.9234417308180127,0.390625,39
linear,55744,1.9713398871244863,0.46875,34
linear,55808,1.8732136790058576,0.46875,34
linear,55872,1.8029564272728749,0.515625,31
linear,55936,1.8898651960189454,0.453125,35
linear,56000,2.395877028349787,0.296875,45
linear,56064,1.620851943283924,0.46875,34
linear,56128,2.183589833090082,0.421875,37
linear,56192,1.6874481972772628,0.515625,31
linear,56256,1.645494241034612,0.453125,35
linear,56320,1.442671148601221,0.53125,30
linear,56384,1.9807110331603326,0.40625,38
linear,56448,1.8281692094606115,0.515625,31
linear,56512,2.091465357458219,0.453125,35
linear,56576,2.06142009946052,0.359375,41
linear,56640,2.223835381795652,0.3125,44
linear,56704,1.9599630399316084,0.421875,37
linear,56768,1.6582251470535994,0.515625,31
linear,56832,2.0719494925579056,0.421875,37
linear,56896,2.1540803820826113,0.359375,41
linear,56960,2.0046871011145413,0.421875,37
linear,57024,2.1435484506946523,0.421875,37
linear,57088,2.154838183079846,0.390625,39
linear,57152,2.0362406509229913,0.453125,35
linear,57216,2.0661465676967055,0.421875,37
linear,57280,2.2538610624615103,0.359375,41
linear,57344,2.1059466766892,0.34375,42
linear,57408,1.645996292354539,0.53125,30
linear,57472,2.089882646454498,0.359375,41
