model,group,targets,mean_nll,accuracy
softmax,Punctuation / other,1569,3.9406550888273655,0.02676864244741874
softmax,Whitespace,10887,1.090282187424925,0.7981078350326077
softmax,Digits,29,5.921387688866977,0.0
softmax,Uppercase,1292,3.9172216729483,0.12306501547987617
softmax,Lowercase,41858,2.42601966244,0.24788570882507527
softmax,UTF-8 high bytes,1901,1.1239302135305356,0.6480799579168859
linear,Punctuation / other,1569,3.888463859006506,0.03186743148502231
linear,Whitespace,10887,0.8472655979793098,0.8105997979241297
linear,Digits,29,4.0549245045102875,0.10344827586206896
linear,Uppercase,1292,3.844118453031723,0.11068111455108359
linear,Lowercase,41858,2.1101408590211053,0.3566104448373071
linear,UTF-8 high bytes,1901,1.097055106653074,0.6849026827985271
