model,step,batch_train_nll,selection_val_nll,elapsed_seconds
softmax,100,3.041228771209717,3.020953212995664,2.4221495259998846
softmax,200,2.4829611778259277,2.513369047002925,4.060595552999985
softmax,300,2.4110069274902344,2.3657108164857164,5.590452292000009
softmax,400,2.2798686027526855,2.2977792877736647,7.146067055000003
softmax,500,2.162654399871826,2.2232685015069364,8.949193544999844
softmax,600,2.286827564239502,2.1656041897255136,10.462440515000026
linear,100,3.1325578689575195,3.10813422773208,6.352373522000107
linear,200,2.3960652351379395,2.39748195656648,11.411558440000135
linear,300,2.2357497215270996,2.172015338093388,15.836875110999927
linear,400,2.0217537879943848,2.0164605554091395,20.364454668999997
linear,500,1.8563969135284424,1.9263933490085492,25.128832338999928
linear,600,1.985013484954834,1.8689054396511438,29.32666463700002
